{ "_id" : "Male", "avgWeight" : 70.00576085866186, "avgHeight" : 166.90851439462332 }
{ "_id" : "Female", "avgWeight" : 70.11357993540572, "avgHeight" : 166.97030985062577 }
